{"cameraMode":{"drawMode":0,"name":"Shaded","section":"Shading Mode"},"sceneLighting":false,"audioPlay":false,"sceneViewState":{"m_AlwaysRefresh":false,"showFog":true,"showSkybox":false,"showFlares":true,"showImageEffects":true,"showParticleSystems":true,"showVisualEffectGraphs":true,"m_FxEnabled":true},"in2DMode":false,"pivot":{"x":70.48999786376953,"y":1.570000171661377,"z":9.569999694824219},"rotation":{"x":0.0014014357002452016,"y":0.856332004070282,"z":-0.5164703726768494,"w":0.0023119307588785888},"size":1.7320507764816285,"orthographic":false}