{"cameraMode":{"drawMode":0,"name":"Shaded","section":"Shading Mode"},"sceneLighting":false,"audioPlay":false,"sceneViewState":{"m_AlwaysRefresh":false,"showFog":true,"showSkybox":false,"showFlares":true,"showImageEffects":true,"showParticleSystems":true,"showVisualEffectGraphs":true,"m_FxEnabled":true},"in2DMode":false,"pivot":{"x":-1.69679856300354,"y":1.8776311874389649,"z":0.0006129592657089233},"rotation":{"x":0.24182073771953584,"y":-0.5542080998420715,"z":0.17234866321086884,"w":0.7776090502738953},"size":0.6116160750389099,"orthographic":false}