{"cameraMode":{"drawMode":0,"name":"Shaded","section":"Shading Mode"},"sceneLighting":false,"audioPlay":false,"sceneViewState":{"m_AlwaysRefresh":false,"showFog":true,"showSkybox":false,"showFlares":true,"showImageEffects":true,"showParticleSystems":true,"showVisualEffectGraphs":true,"m_FxEnabled":true},"in2DMode":false,"pivot":{"x":46.704872131347659,"y":0.9022912979125977,"z":23.088031768798829},"rotation":{"x":0.05656673386693001,"y":-0.8553074598312378,"z":0.09559924900531769,"w":0.5060822367668152},"size":16.193256378173829,"orthographic":false}