{"cameraMode":{"drawMode":0,"name":"Shaded","section":"Shading Mode"},"sceneLighting":false,"audioPlay":false,"sceneViewState":{"m_AlwaysRefresh":false,"showFog":true,"showSkybox":false,"showFlares":true,"showImageEffects":true,"showParticleSystems":true,"showVisualEffectGraphs":true,"m_FxEnabled":true},"in2DMode":false,"pivot":{"x":-0.8529775142669678,"y":1.0169262886047364,"z":-0.8823893070220947},"rotation":{"x":-0.07160905003547669,"y":-0.9282364249229431,"z":0.2668159604072571,"w":-0.24912279844284059},"size":2.5611438751220705,"orthographic":false}